Time (s), X (km), Y (km), Z (km)
0.0000000000000,-19946.9883672334872,11684.4232639570982,43511.2171346737596
160.3336440032764,-20074.9392009061448,11401.3668801596650,43541.4272238267586
639.6893358595473,-20447.1909564817943,10549.3797478487977,43609.5174931219080
1433.1482374984744,-21028.9019779544942,9121.7205826461577,43648.9886935288450
2532.5683868677938,-21761.8603948294804,7112.6086589664483,43552.5483017453589
3926.6682454818097,-22564.2010964346737,4524.6565320909285,43176.7758053039797
5601.1424622726163,-23329.7731056311786,1378.2275564585143,42347.5059253845029
7538.8086658502853,-23926.7228070307210,-2277.4180379446334,40865.0641342132949
9719.7837788847919,-24194.4783980059765,-6350.2414396527893,38508.5676565553658
12121.6880453855338,-23937.6974981841959,-10685.8289932805783,35038.8117061901503
14719.8746772824252,-22914.6279148063950,-15034.9203082781023,30200.1955425899141
17487.6827638239229,-20815.3325118455432,-18990.8311691704876,23725.5962762396448
20396.7108485993667,-17222.8032526034258,-21851.6918381631112,15363.1564591239803
23417.1083669149848,-11560.6317145037792,-22278.8557017177081,5020.9286337207668
26517.8819529819775,-3218.6490176353000,-17443.4002233847714,-6416.8546182055361
29667.2134737902197,6280.7313789692380,-3109.8594248845911,-13304.6865736134714
32832.7865262097694,9811.9014761917897,14234.3526106223726,-7511.2332606949276
35982.1180470180188,7495.9067524172970,24304.0895492591226,3598.2859912030035
39082.8916330850116,3282.2841889918454,28578.9409299109393,14045.6460880823070
42103.2891514006333,-1257.5893516107790,29442.7818478379195,22700.3940494395429
45012.3172361760735,-5567.4521523355834,28265.1710085212981,29527.8154736570650
47780.1253227175839,-9427.6865674532346,25862.4593916103040,34705.8330535553032
50378.3119546144517,-12753.3383011813603,22768.7039831258153,38455.0182677767807
52780.2162211152026,-15525.2781840372227,19359.0673715449666,41002.2558201420688
54961.1913341497129,-17762.2748888261012,15908.6488803379034,42572.0986367547521
56898.8575377273883,-19507.2115166201584,12622.7055376186763,43383.3250440400661
58573.3317545181926,-20818.3842362468458,9653.6400962523912,43645.3121581422383
59967.4316131322048,-21762.4126889077343,7111.8514630008285,43553.0017106675296
61066.8517625015229,-22407.4136898084871,5073.9237385146116,43280.4827299958779
61860.3106641404520,-22816.1169767522115,3589.7714631143754,42973.7457370998090
62339.6663559967201,-23039.2334600177455,2689.1893226584216,42743.4708714708904
62500.0000000000000,-23109.7838094939107,2387.4527414295153,42658.8599045250085
62500.0000000000000,-23109.7838094939107,2387.4527414295153,42658.8599045250085
62660.3336440032799,-23178.2680908262009,2085.5027328211145,42570.4351482164566
63139.6893358595480,-23370.5592611458596,1181.7402011773811,42283.2620399430380
63933.1482374984771,-23646.9826151582856,-315.9768610183819,41732.4167785364189
65032.5683868677952,-23940.7040771724169,-2389.2691716679110,40812.1067925625466
66426.6682454818074,-24156.3629500701536,-5001.3061591420992,39378.7582212005727
68101.1424622726190,-24167.4293148009783,-8085.2048383854999,37254.3930504349046
70038.8086658502871,-23811.2379639437167,-11527.0008613296523,34229.6577397500150
72219.7837788847974,-22879.7721034884198,-15138.5296644993796,30066.3262518559568
74621.6880453855265,-21102.6909760087474,-18608.6563781571313,24501.0954735492342
77219.8746772824234,-18116.7233767993494,-21403.1562406156881,17260.8917417217963
79987.6827638239192,-13417.3880926035090,-22530.9501144005189,8139.7366130416267
82896.7108485993667,-6357.9478351361795,-19952.0940007655154,-2591.5295129652150
85917.1083669149812,2969.7076304517941,-9673.1898766098748,-11993.5820191214807
89017.8819529819739,9392.6414920110510,8045.6582422317733,-11069.9485726366765
92167.2134737902234,8804.1456812303768,21154.2514275001158,-912.5001771758325
95332.7865262097621,4999.4742203224705,27443.3136406415870,10209.6662888218634
98482.1180470180116,347.3762476016091,29437.1295841011015,19849.0964061011546
101582.8916330850043,-4297.3592240046455,28800.4472537078691,27646.6812115301364
104603.2891514006333,-8589.2884938362731,26511.5760889258963,33669.7127842930131
107512.3172361760808,-12374.1873489711179,23199.9416616131348,38082.1733620752566
110280.1253227175912,-15586.5385979376479,19307.1540382263047,41074.8465286985956
112878.3119546144444,-18211.2418366744860,15162.0636652354879,42849.5671399616622
115280.2162211152026,-20267.1022445279850,11017.4712831546349,43615.4503957889028
117461.1913341497129,-21798.3660757494836,7068.9188095164282,43586.9388204616480
119398.8575377273955,-22869.0746282487853,3464.8569166232628,42980.8543808133327
121073.3317545181926,-23557.8916811877607,312.9403439500165,42011.5984943172880
122467.4316131322121,-23952.2233626127454,-2314.7857311236876,40884.3257778053157
123566.8517625015229,-24141.1153574030359,-4376.1164561174082,39786.3538969148867
124360.3106641404447,-24207.0087820423396,-5851.5397674543055,38877.5068043655701
124839.6663559967128,-24217.0629607616174,-6735.9303609560448,38280.4950292901121
125000.0000000000000,-24215.3001333489228,-7030.3543441059737,38072.6772062323507
125000.0000000000000,-24215.3001333489228,-7030.3543441059737,38072.6772062323507
125160.3336440032726,-24210.9316443566240,-7324.0217878277617,37860.7626450207536
125639.6893358595407,-24182.1068245265233,-8197.1132344621437,37202.6311018947963
126433.1482374984771,-24081.0944821018093,-9623.7984859560820,36031.5604648475055
127532.5683868677879,-23826.2397346408870,-11553.7160144922527,34237.6993821874712
128926.6682454818074,-23298.0650711600501,-13899.6023669493588,31669.7504854888175
130601.1424622726190,-22332.0397903398443,-16515.9339431253466,28136.9913884193156
132538.8086658502871,-20705.4985859338958,-19160.6356943854335,23412.6879623026107
134719.7837788847974,-18114.4108016510327,-21419.8729788427445,17245.1671406791065
137121.6880453855265,-14135.7011912409980,-22542.6879745381157,9405.9348213017438
139719.8746772824379,-8200.8515672405083,-21041.1926495241205,-79.2022935434725
142487.6827638239192,56.2618407736700,-13871.0572277711908,-9743.2952867283966
145396.7108485993813,7963.2499641756694,1639.3821685952862,-12987.8582527081962
148417.1083669149957,9643.1489573213439,16938.6669499097188,-5331.7474176253672
151517.8819529819884,6760.4067795294504,25497.7870747005363,5733.0221025009159
154667.2134737902088,2320.8859215210359,29009.0222734665294,16050.2644599561099
157832.7865262097621,-2446.2830319833774,29315.8165190346335,24720.9852298532132
160982.1180470180116,-7036.4843279217203,27535.0748860701715,31626.4443970207576
164082.8916330850043,-11209.4943389166910,24378.2454935475980,36835.0766937990193
167103.2891514006187,-14840.8869511951525,20342.8326452277397,40472.0144079901729
170012.3172361760808,-17868.6118276436646,15803.7508026301657,42687.8233338572536
172780.1253227175912,-20271.4964411389847,11057.5595604605769,43651.1164284848128
175378.3119546144444,-22059.8380543860440,6344.2486894257163,43547.0085202228729
177780.2162211152026,-23270.9041750403885,1857.6217678688263,42576.3526111763422
179961.1913341497129,-23966.2557887160983,-2250.3666982673312,40954.0062946990583
181898.8575377273955,-24229.2172904526415,-5868.2808476075734,38905.2681069054161
183573.3317545182072,-24161.3024317740528,-8924.6604373440350,36659.9143265128587
184967.4316131322121,-23876.6278518107320,-11386.2233830712939,34443.5376617383663
186066.8517625015229,-23493.6642351364317,-13252.8870469354297,32466.3743026029770
186860.3106641404447,-23124.3251829808178,-14548.3083241846616,30910.5232483182554
187339.6663559967128,-22861.4158892752203,-15306.2163310101460,29917.1808474572827
187500.0000000000000,-22766.5698095279113,-15555.1552355994208,29575.8463908898630
187500.0000000000000,-22766.5698095279113,-15555.1552355994208,29575.8463908898630
187660.3336440032872,-22668.1950512631047,-15801.6830601086112,29229.9279477211167
188139.6893358595553,-22352.6283043639451,-16523.5811281785573,28168.2009509630952
188933.1482374984771,-21757.1024562569983,-17663.6806967755983,26319.0553591564749
190032.5683868677879,-20771.7559097402445,-19111.5513267185743,23564.3596149661098
191426.6682454818219,-19230.0590753865145,-20674.5830107651855,19742.5806704253409
193101.1424622726045,-16891.7670573753021,-22019.7352472864295,14659.0377579495762
195038.8086658502871,-13416.1949454148016,-22549.5719118065172,8124.6735474780653
197219.7837788847974,-8343.1790516574583,-21120.0884207899653,118.4506035685990
199621.6880453855265,-1282.5657476235829,-15464.6379615555488,-8475.9767699002768
202219.8746772824379,6439.4227659802236,-2722.5073761980020,-13316.9246833574216
204987.6827638239192,9806.3442801500023,12722.2131738920725,-8552.6487033840458
207896.7108485993813,8139.7135021912218,22994.7173282017029,1545.8030200425346
210917.1083669149957,4239.8431482279957,28033.9002966915286,11967.9166687924226
214017.8819529819884,-384.1894572114288,29494.7179500073689,21187.0032457087000
217167.2134737902088,-5074.4676778612375,28519.6814031307149,28830.1536871541102
220332.7865262097621,-9502.6835935746967,25851.5348461460817,34831.2902135971744
223482.1180470180116,-13482.1013383378922,22013.4250537906337,39222.8286773871441
226582.8916330850043,-16898.8161179756462,17405.2363911200810,42080.6995822109093
229603.2891514006187,-19684.1920949944943,12351.9868644293892,43509.0962173386288
232512.3172361760808,-21803.1701153719514,7128.2210225802410,43636.6899151296166
235280.1253227175912,-23249.4456031050249,1969.8071880009520,42616.2768711556491
237878.3119546144444,-24043.9290290738172,-2921.5255964990210,40625.2010483552513
240280.2162211152026,-24234.8269952227893,-7378.3447866733623,37865.3887329508361
242461.1913341497129,-23898.3155368840853,-11270.9911995712173,34562.1258380894360
244398.8575377273955,-23138.8141062934483,-14513.2684066868824,30960.5885824073848
246073.3317545182072,-22087.5732538657794,-17068.7357779252779,27318.9628245753047
247467.4316131322121,-20897.8985132728303,-18954.7762642014277,23897.1427475769815
248566.8517625015229,-19735.2798515916402,-20240.1011863402528,20940.9542511754480
249360.3106641404447,-18761.6042522885436,-21030.9151836126548,18663.7649590444562
249839.6663559967128,-18114.8294792128327,-21443.7399839112040,17229.3170076829192
250000.0000000000000,-17888.2322013019184,-21569.8111750688840,16739.6633540253897
250000.0000000000000,-17888.2322013019184,-21569.8111750688840,16739.6633540253897
250160.3336440032872,-17656.3643670295896,-21689.5265411887522,16245.0779281292853
250639.6893358595553,-16930.9365670107836,-22007.3754260546266,14737.1211729139832
251433.1482374984771,-15619.3784687588523,-22387.4484186872578,12146.0515220087764
252532.5683868677879,-13556.9050860288153,-22556.6248331160023,8369.4039203782377
253926.6682454818219,-10492.7641285727332,-22006.5523577487766,3315.7372844812271
255601.1424622726045,-6096.4788034963021,-19783.1840764402150,-2937.9713974747065
257538.8086658502871,-154.8033426994989,-14137.7894735230802,-9554.2831798943880
259719.7837788847974,6286.8669477519979,-3097.3836026011704,-13306.8981952805261
262121.6880453855265,9691.4297376885479,10626.0655985282065,-9806.0693999070863
264719.8746772824088,8857.9179488770133,20982.3900914521219,-1127.3795063931684
267487.6827638239483,5636.4450900755292,26858.9040234306158,8673.3216727163453
270396.7108485993813,1404.7510196320181,29278.3310193925427,17862.8082800146003
273417.1083669149666,-3140.7157710031206,29168.0552775453107,25850.2506902973910
276517.8819529819884,-7620.0902448542947,27185.9298619854526,32419.0854039799233
279667.2134737902088,-11798.4236164264912,23816.5704052935616,37489.4060307230611
282832.7865262097912,-15516.0562072605426,19443.6861618127004,41044.7240611288507
285982.1180470180116,-18658.9651865441883,14390.9454058821575,43107.7733937494268
289082.8916330850334,-21145.4949994370872,8944.2400019730703,43732.4476455773038
292103.2891514006187,-22920.4990093470151,3363.5781472812669,43001.6749549682063
295012.3172361760517,-23953.2858371091606,-2111.1424865421577,41027.7882066189122
297780.1253227175912,-24237.8878047904764,-7258.4861517843528,37954.1474237746370
300378.3119546144735,-23795.0911759548653,-11877.2900555950328,33957.4825461326909
302780.2162211152026,-22676.0702171168123,-15792.2058070447965,29250.4880685328317
304961.1913341496838,-20967.5085321805273,-18863.9999185816123,24083.7476521736753
306898.8575377273955,-18797.6262582792733,-21006.0603028476908,18744.9512659094107
308573.3317545182072,-16341.1786058834587,-22207.7693278060033,13551.5136001302672
309967.4316131321830,-13818.9815386543814,-22561.4568268600269,8830.9942185214531
311066.8517625015229,-11484.9966854928825,-22280.4905508974916,4885.6080087057126
311860.3106641404447,-9595.8269592477773,-21684.9529442535131,1948.0652237056565
312339.6663559967419,-8368.2747902302835,-21133.7857728124945,153.4502125016224
312500.0000000000000,-7943.1094255592507,-20913.5276998532354,-447.7067612645405
312500.0000000000000,-7943.1094255592507,-20913.5276998532354,-447.7067612645405
312660.3336440032581,-7510.6806914136578,-20674.1392722173478,-1048.4498055170479
313139.6893358595553,-6175.2253768519331,-19837.2220003490220,-2835.8355855367336
313933.1482374984771,-3833.2654811535795,-18009.0631392651121,-5719.7260861474278
315032.5683868678170,-385.9217096437533,-14420.7968610578100,-9341.0095940645042
316426.6682454817928,3963.0176166835408,-7955.9742526837508,-12561.9642081505808
318101.1424622726045,8000.3292010388504,1762.2225104219397,-12968.2390318460020
320038.8086658502580,9794.7736709852870,12350.5065621680696,-8790.5403681419048
322219.7837788847974,8914.8624907535668,20784.2008101589163,-1366.1905612222108
324621.6880453855265,6217.3359513980504,26213.0573780483683,7193.7561122157422
327219.8746772824088,2518.0157307935115,28939.3627532071550,15652.1077146657553
329987.6827638239483,-1650.7472459050659,29437.4573917964590,23394.1934371569005
332896.7108485993813,-5940.4574003788475,28127.3713827224565,30093.7622529395667
335917.1083669149666,-10105.1936481381599,25363.2896197343362,35560.7633467704800
339017.8819529819884,-13958.7851525182668,21453.5836993286503,39679.2982960135487
342167.2134737902088,-17353.2794043934737,16678.4610414968920,42381.6913914528486
345332.7865262097912,-20167.9439088600520,11301.9560735652340,43637.3140867326219
348482.1180470180116,-22303.5899060918782,5579.7303651439142,43447.9375512350161
351582.8916330850334,-23679.7776065693070,-235.7205695157754,41846.3943706743230
354603.2891514006187,-24233.8060371619249,-5891.3149895837414,38897.3951097346653
357512.3172361760517,-23921.1388462599898,-11130.3640754504013,34700.3838957875778
360280.1253227175912,-22717.5115320928926,-15689.9721800295520,29395.0842574864437
362878.3119546144735,-20623.7284928247864,-19299.2600748130935,23171.2448088556339
365280.2162211152026,-17675.4693279438252,-21680.6059927215683,16285.1737982958366
367461.1913341496838,-13962.7032979898686,-22560.9733413613576,9086.3069945081879
369398.8575377273955,-9665.9066586666340,-21712.6134885332722,2053.1633030801822
371073.3317545182072,-5111.4069984131092,-19064.4650208770472,-4185.9162399478446
372467.4316131321830,-806.5321419783468,-14921.1339218734938,-8942.6509395882676
373566.8517625015229,2675.8368085003858,-10151.5030421770352,-11804.7604732148538
374360.3106641404447,5008.4186734441137,-5939.8861270926136,-13014.9780118985291
374839.6663559967419,6255.3804216985991,-3173.6172139167029,-13304.0373545432885
375000.0000000000000,6636.6040182551769,-2225.6649266553286,-13321.3273542125080
375000.0000000000000,6636.6040182551769,-2225.6649266553286,-13321.3273542125080
375160.3336440032581,6997.8860627899812,-1271.0227898142475,-13298.5881250052898
375639.6893358595553,7950.5577710059406,1594.4806631480169,-12996.5576073223910
376433.1482374984771,9083.7126632698746,6219.8752831940365,-11791.2049280706979
377532.5683868678170,9780.3059080338971,12000.5148865965020,-9008.1954643059707
378926.6682454817928,9518.8404313598694,17916.0175591793668,-4431.7349194888211
380601.1424622726045,8131.3438405611487,23015.0574527879071,1574.7925522509777
382538.8086658502580,5747.7694131203862,26743.4647782624525,8395.5652443576419
384719.7837788847974,2617.4538363640131,28900.4740322560829,15448.6583164516651
387121.6880453855265,-998.8740974689899,29487.9833663186582,22272.8326839614456
389719.8746772824088,-4864.6124285223959,28606.8131397288817,28518.4256730895286
392487.6827638239483,-8772.0311708624540,26405.6072595879959,33920.2443938996439
395396.7108485993813,-12538.5696612211941,23058.6965451367723,38275.6069679964130
398417.1083669149666,-16002.1833614322422,18757.2214733824658,41429.9156211256777
401517.8819529819884,-19017.5369672036795,13706.1094959132897,43267.8014414222707
404667.2134737902088,-21453.1430147017418,8123.8624002017605,43707.9001529794914
407832.7865262097912,-23189.1519417294367,2244.1498192117142,42700.0393075757456
410982.1180470180116,-24115.4735264388910,-3680.7364543288422,40224.3070548643154
414082.8916330850334,-24129.9923723546854,-9373.7149773001147,36292.1740137544257
417103.2891514006187,-23136.8463467519796,-14522.1912497564626,30950.8942165766639
420012.3172361760517,-21045.3699765030360,-18759.3258731089009,24294.6533974949998
422780.1253227175912,-17772.5297636549985,-21631.3078075985832,16491.6418781448883
425378.3119546144735,-13259.9398156751013,-22543.1404908770637,7851.9327266533655
427780.2162211152026,-7547.4319576446032,-20695.1093250835256,-997.8282847385126
429961.1913341496838,-1038.8139612797713,-15189.5281031602935,-8717.1538362930733
431898.8575377273955,4930.7167174432361,-6098.1499174112396,-12987.1557025200891
433573.3317545182072,8544.0621523976261,3764.7701914509817,-12540.6575178782659
434967.4316131321830,9744.9689514928432,11356.7040786719008,-9393.0964280831831
436066.8517625015229,9707.8805658345045,16278.3773941000982,-5905.6363401915150
436860.3106641404447,9294.0373825941169,19208.6844474444224,-3134.2199780288356
437339.6663559967419,8926.3528662606077,20743.3758812336309,-1414.9580642636138
437500.0000000000000,8786.9368450072761,21219.5232182828768,-836.5915334489400
437500.0000000000000,8786.9368450072761,21219.5232182828768,-836.5915334489400
437660.3336440032581,8640.1012146001849,21677.7582919154374,-257.5149021199177
438139.6893358595553,8161.2133718099612,22945.2485981140344,1473.2683052873035
438933.1482374984771,7259.5340963009912,24730.4654672596662,4314.0609573876282
440032.5683868678170,5846.6221039336342,26637.8161566875933,8146.7413950530608
441426.6682454817928,3883.5054860696364,28265.4801795588864,12761.0947111924906
443101.1424622726045,1397.5151454437691,29280.2388355493604,17876.9717938197573
445038.8086658502580,-1526.8673175457698,29450.4151348438172,23183.4266848308762
447219.7837788847974,-4767.0648181546312,28645.5493444953172,28372.2968486552854
449621.6880453855265,-8179.8428809191864,26820.7397316604911,33158.2533996296843
452219.8746772824088,-11613.3493862110954,23998.5271235708205,37287.5665309322794
454987.6827638239483,-14914.1916036359798,20253.9383807037084,40540.2627502219548
457896.7108485993813,-17931.0476823650133,15703.9843643385975,42729.2307625911926
460917.1083669149666,-20516.0525050960314,10501.3225442696421,43698.2742112074775
464017.8819529819884,-22524.6727781534028,4831.6524428505509,43320.0793285752443
467167.2134737902088,-23814.3252818124201,-1085.0750321071537,41494.6043292368558
470332.7865262097912,-24241.6236061440613,-6988.5754571292491,38148.4232851537672
473482.1180470180116,-23657.8334579342809,-12564.4590357426496,33236.2379058497754
476582.8916330850334,-21901.9934314289894,-17416.3955320078821,26748.0246885168162
479603.2891514006187,-18792.1908679665830,-21010.0219238396676,18732.5541304769722
482512.3172361760517,-14123.3833642700520,-22557.7167950966104,9373.6333861100284
485280.1253227175912,-7728.4755518460479,-20796.6496109463915,-747.2321669859084
487878.3119546144735,78.9951794943008,-13845.6179626681551,-9765.9405073774251
490280.2162211152026,6968.0652952207420,-1352.1452660062059,-13302.0813552196341
492461.1913341496838,9720.2830558083187,10994.0840488872782,-9601.4030733014661
494398.8575377273955,9313.4698269059118,19113.1904573715583,-3235.0847054775077
496073.3317545182072,7759.7688816999253,23817.3842939450697,2791.7996145580692
497467.4316131321830,6024.4837343272920,26441.1211966346309,7694.4503214341385
498566.8517625015229,4499.3865606811996,27852.1540791369334,11381.1067232136411
499360.3106641404447,3347.6897439499553,28568.8858201718249,13922.6195962280763
499839.6663559967419,2638.5290832998398,28893.6236779743631,15406.5062076124159
500000.0000000000000,2399.6858567659910,28985.3129757123243,15893.9822970382666
500000.0000000000000,2399.6858567659910,28985.3129757123243,15893.9822970382666
500160.3336440032581,2160.1669375262391,29068.8444103449874,16376.9855963793379
500639.6893358595553,1440.8435779334213,29271.7625002401473,17794.2099106759561
501433.1482374984771,243.7852448596786,29463.4692204847524,20051.1890199576301
502532.5683868678170,-1415.9590721391905,29462.3484455513826,22994.9607757442427
503926.6682454817928,-3500.6772203148175,29074.5080810356012,26423.8217927050573
505601.1424622726045,-5945.3475311008115,28127.0639228410146,30102.2240709868056
507538.8086658502580,-8658.6626892854292,26489.6163204870245,33777.5225160923583
509719.7837788847974,-11527.6505457163621,24083.9818976800016,37194.9384375867230
512121.6880453855265,-14423.3621760998685,20885.7301589976123,40108.7190132328105
514719.8746772824088,-17205.8974676859398,16921.5867083574703,42289.2478358709050
517487.6827638239483,-19727.9547202755530,12265.8442611525825,43526.8471094216948
520396.7108485993813,-21836.6290511545558,7037.8939340504876,43633.2518919735012
523417.1083669149666,-23373.3192751222123,1402.4825654196611,42441.6237889072654
526517.8819529819302,-24171.4363772141114,-4425.4233632405230,39805.8670648141560
529667.2134737902088,-24051.1953815783672,-10167.8529078197607,35600.2772096200642
532832.7865262097912,-22810.1311607289426,-15456.0916894842812,29721.9998166515288
535982.1180470180698,-20207.4541030119472,-19771.6805502717325,22104.2950966535864
539082.8916330849752,-15943.3117045353465,-22315.9855721183994,12770.4238353921828
542103.2891514006769,-9667.0803950394802,-21713.1982211452851,2054.8391143410263
545012.3172361761099,-1315.4402885626369,-15502.0079786312708,-8443.6345740155521
547780.1253227175912,6809.0229147706814,-1777.5689309817681,-13315.6888236970844
550378.3119546144735,9805.5945344042666,12673.4323886501661,-8585.2321191326919
552780.2162211152026,8658.1130472753830,21627.7102543431392,-324.2642431081476
554961.1913341496838,6128.8088828620203,26322.5949841084948,7426.9649891807494
556898.8575377273373,3397.1101769354827,28545.8525526764861,13818.9295853963849
558573.3317545182072,896.3313030765094,29383.4409852162062,18837.8701381302235
559967.4316131322412,-1208.7290630641692,29481.3624342185503,22640.5331630996225
561066.8517625015229,-2857.9331023398154,29240.5097217738221,25398.9382098215428
561860.3106641405029,-4034.3019928953909,28915.1438566317374,27259.7313247146813
562339.6663559967419,-4737.5200150295459,28662.6797961500997,28331.7909248723445
562500.0000000000000,-4971.3149979855698,28569.3575982909824,28681.6866404028406
562500.0000000000000,-4971.3149979855698,28569.3575982909824,28681.6866404028406
562660.3336440032581,-5204.3592904602010,28471.7207532043394,29027.2509136314766
563139.6893358594971,-5896.3944396852348,28154.8519669757516,30034.6953273120598
563933.1482374984771,-7025.1440978619103,27552.4443248589814,31618.4013248880656
565032.5683868677588,-8550.8497450194154,26570.6131133321032,33642.5625170947314
566426.6682454817928,-10414.0839082422499,25107.1668251366646,35930.7027663861663
568101.1424622726627,-12534.8962874329482,23070.3303301600099,38277.1781129420997
570038.8086658503162,-14813.6401285092179,20393.5700936136127,40458.9496778653265
572219.7837788847974,-17133.0092425598596,17045.5137593415857,42246.0938638302760
574621.6880453855265,-19360.4323787736539,13035.7721948181570,43410.0978281296120
577219.8746772824088,-21349.9614101118241,8418.4164738362015,43729.6265929259389
579987.6827638238901,-22942.9001595313493,3295.2360424106300,42993.9037964159652
582896.7108485993231,-23966.4233974121344,-2178.7329196179926,41004.1051025895431
585917.1083669150248,-24229.1693221507194,-7783.8728288481652,37573.4189511111035
589017.8819529819302,-23512.1023045032816,-13212.3943743253767,32527.2367029769375
592167.2134737902088,-21551.7270799278813,-18018.3362553636252,25708.1342949552491
595332.7865262097912,-18011.9888923577564,-21505.9640168710321,17003.6080309359386
598482.1180470180698,-12453.0608332044976,-22462.5564991817519,6476.4732977209642
601582.8916330849752,-4447.6519475094574,-18534.4555316478654,-4995.0085829066084
604603.2891514006769,4889.0820044093234,-6182.8208465487405,-12972.1567913701729
607512.3172361761099,9679.7415980697078,10482.1297573834017,-9885.4010284056858
610280.1253227175912,8733.6906213369621,21395.3997565447644,-619.8540048858122
612878.3119546144735,5677.6245979499472,26820.8900984614447,8573.8369773069426
615280.2162211152026,2211.4714112375332,29054.0693226033181,16275.6943938845798
617461.1913341496838,-1075.7311804610836,29488.2118485604005,22409.3436137588724
619398.8575377273373,-3970.2620762455808,28934.3752890775504,27159.4883100280567
621073.3317545182072,-6399.2801439594077,27897.2684477266448,30747.7863780858024
622467.4316131322412,-8349.3348024375337,26708.5519178953546,33380.9533022811665
623566.8517625015229,-9832.6126655377047,25592.3308469463664,35236.4124480767205
624360.3106641405029,-10870.3002055752622,24699.6508476898598,36456.7611360160663
624839.6663559967419,-11483.1336799417222,24127.8001780506747,37146.4245991974167
625000.0000000000000,-11685.6778595697433,23931.3238786002912,37369.1631642442226
625000.0000000000000,-11685.6778595697433,23931.3238786002912,37369.1631642442226
625160.3336440032581,-11886.9828571471917,23732.3097439986013,37587.9389355473249
625639.6893358594971,-12481.3337229243079,23122.5853400999040,38218.4817191178008
626433.1482374984771,-13439.8296246579448,22067.1706779212982,39185.1996727895021
627532.5683868677588,-14713.7794350250224,20517.1468266700685,40367.7003330096632
628926.6682454817928,-16234.3866491983244,18421.2011983827979,41608.2581775004073
630601.1424622726627,-17912.8845651442716,15737.9407947198779,42720.6149035126000
632538.8086658503162,-19641.1399963334734,12447.1708936528594,43498.8916793523385
634719.7837788847974,-21292.4018223830099,8559.4445733041794,43725.5561982303188
637121.6880453855265,-22721.5969121497656,4124.3532686331600,43177.7114615378232
639719.8746772824088,-23764.3530857236656,-760.8835649541288,41631.3341522862465
642487.6827638238901,-24233.6227375893686,-5939.6739398403734,38863.4496648622007
645396.7108485993231,-23912.1673953282479,-11175.9196043661505,34652.7964027350099
648417.1083669150248,-22537.9292030791585,-16114.6115346341103,28781.2682724719198
651517.8819529819302,-19777.3387000012044,-20197.1620194888383,21045.4231379156263
654667.2134737902088,-15182.6054782914762,-22461.6210001571744,11319.6064525072725
657832.7865262097912,-8178.9735936197285,-21035.7877621291846,-114.2583764667361
660982.1180470180698,1299.0312673029657,-12217.3925185440748,-10798.4253169993608
664082.8916330849752,8844.8433792841788,5054.7419125051529,-12177.4549274357705
667103.2891514006769,9325.3052034665998,19060.3223241106898,-3292.8369917857199
670012.3172361761099,6260.7069322419520,26172.1393866786093,7088.3645444599242
672780.1253227175912,2315.9812124882992,29030.0353476279706,16073.5746577692480
675378.3119546144735,-1597.3555205884222,29464.0003843598824,23317.9245135573001
677780.2162211152026,-5155.2959016757850,28512.3910581732925,28968.4825287510903
679961.1913341496838,-8241.4257109547798,26809.0230630098667,33259.3617318545730
681898.8575377273373,-10826.2102127048020,24770.7109084690746,36427.9437027325184
683573.3317545182072,-12921.1526152110491,22685.3968045900401,38694.8203857385815
684967.4316131322412,-14557.5745218471457,20756.8395976501342,40257.2172933531256
686066.8517625015229,-15774.5542391241361,19129.3915641124186,41284.8202708282770
686860.3106641405029,-16610.7482668106277,17902.9778127942991,41915.6800374359154
687339.6663559967419,-17098.2975637517702,17142.7589205915865,42252.1189867035282
687500.0000000000000,-17258.3569671609039,16885.4108571398829,42357.1658829751686
687500.0000000000000,-17258.3569671609039,16885.4108571398829,42357.1658829751686
687660.3336440032581,-17416.8905070335204,16626.5698821894184,42458.4678393242211
688139.6893358594971,-17881.6768537014323,15844.0745700947300,42739.0359738311527
688933.1482374984771,-18620.2446258826712,14522.0135551351414,43130.2008862389048
690032.5683868677588,-19578.4120762408311,12640.1476900982962,43521.7680606868380
691426.6682454817928,-20680.2606771164174,10182.0992392949120,43767.6643212424387
693101.1424622726627,-21828.0994464256401,7144.9425830836699,43692.5422230400873
695038.8086658503162,-22902.1879400792131,3549.4075214858458,43098.3821874988062
697219.7837788847974,-23759.7071757283593,-549.2534102950885,41770.2220284026844
699621.6880453855265,-24232.0940551007698,-5048.4110126499727,39480.3643039186281
702219.8746772824088,-24119.2743525006408,-9779.8532308679714,35990.8024325390143
704987.6827638238901,-23178.2782516530315,-14478.7870172639086,31054.5741522778553
707896.7108485993231,-21101.8008911753604,-18722.7143937241926,24420.2205868233723
710917.1083669150248,-17479.9826302746842,-21795.2751353443309,15858.6403726805729
714017.8819529819302,-11749.6836884314725,-22347.3343603540852,5308.7176257987303
717167.2134737902088,-3324.1849982658932,-17551.5691165555909,-6304.8248472566920
720332.7865262097912,6236.9524772321274,-3217.5939682502940,-13301.9180111026944
723482.1180470180698,9816.3422893160423,14087.1178659270809,-7621.4727129525127
726582.8916330849752,7599.0385790379187,24139.8888899903104,3301.1637900435744
729603.2891514006769,3534.5247915224572,28482.9358576624945,13531.4012831115542
732512.3172361761099,-825.3833133517364,29513.5279571045248,21982.8020095863758
735280.1253227175912,-4942.4762880517701,28599.4913072664349,28651.4735483193217
737878.3119546144735,-8612.4544163993160,26549.5113573506533,33737.1848597602366
740280.2162211152026,-11762.8727386905412,23886.5697319753526,37475.0003787094174
742461.1913341496838,-14383.9020879468480,20972.6149380620627,40099.1171974634199
744398.8575377273373,-16499.7367854783843,18068.4703098669706,41833.7888812377496
746073.3317545182072,-18154.0373527188385,15365.1615327004401,42889.2790161270095
747467.4316131322412,-19400.5363500420535,13002.0025462716876,43457.7687778725667
748566.8517625015229,-20295.5710366568128,11078.3393741719483,43708.2737121330720
749360.3106641405029,-20891.4478495139228,9662.1270232446550,43780.8345221888012
749839.6663559967419,-21230.5215432704026,8796.6468541178911,43780.6829485284688
750000.0000000000000,-21340.3577713727318,8505.6438048911805,43773.2312254149001
750000.0000000000000,-21340.3577713727318,8505.6438048911805,43773.2312254149001
750160.3336440032581,-21448.3840022069235,8213.9193468379381,43762.0668475553102
750639.6893358594971,-21760.4540326221213,7337.6771285828727,43706.5260718171194
751433.1482374984771,-22240.4746260701977,5875.3079014864343,43541.4571317482914
752532.5683868677588,-22828.0334942609370,3829.2774668369966,43161.3969218001876
753926.6682454817928,-23437.8722947289534,1213.3546394572186,42424.6610909325245
755601.1424622726627,-23958.7734913978093,-1937.8433989643527,41158.0053743587050
757538.8086658503162,-24251.2784817416286,-5556.6596566274238,39161.0530995090667
759719.7837788847974,-24143.1710237206025,-9525.8393085546268,36209.7938597609464
762121.6880453855265,-23420.8152008826910,-13653.0166963248921,32058.9534367581073
764719.8746772824088,-21812.9005743923663,-17625.1491012967599,26444.8347871449951
767487.6827638238901,-18960.6657389092325,-20914.8810704949719,19097.5893768814567
770396.7108485993231,-14368.9393141294895,-22561.5236588817497,9806.6273619306448
773417.1083669150248,-7386.4546670417367,-20608.7971421841939,-1223.4117178323504
776517.8819529819302,2074.1994172905506,-11089.3742168460449,-11389.4259208368894
779667.2134737902088,9177.0292730473848,6723.5636789884011,-11606.5819638076064
782832.7865262097912,8999.2724130445094,20490.8670651252905,-1719.8745599987742
785982.1180470180698,5344.4710545347007,27168.3780038702826,9406.4660538134340
789082.8916330849752,799.7494676516326,29427.8464324992674,19040.0875872147444
792103.2891514006769,-3731.9649500480919,29050.2383752443420,26817.2762827870611
795012.3172361761099,-7904.3726001500218,27061.7432580158638,32837.0930529643956
797780.1253227175912,-11573.9206177375345,24108.7314742185699,37294.2325977233413
800378.3119546144735,-14688.1113404191165,20634.7724042624759,40403.9385962092492
802780.2162211152026,-17244.0293361662953,16962.4959334746527,42385.3385738504294
804961.1913341496838,-19270.0743105324982,13333.8822181091236,43457.0466486604128
806898.8575377273373,-20816.0380330623193,9931.5673836336064,43834.3712328899128
808573.3317545182072,-21946.0549595101802,6891.2517580647545,43725.4352284838387
809967.4316131322412,-22732.1749941708586,4310.1404225916194,43325.6415380575636
811066.8517625015229,-23247.6668505293383,2253.9588666536438,42810.6700092894898
811860.3106641405029,-23559.9358114376264,763.7170477776381,42328.6153707155900
812339.6663559967419,-23723.5057657020698,-137.6096735348401,41992.1814101159980
812500.0000000000000,-23773.9135392647186,-439.0942321967741,41872.0107287864375
812500.0000000000000,-23773.9135392647186,-439.0942321967741,41872.0107287864375
812660.3336440032581,-23822.1394054941084,-740.5384692972002,41747.9971600487770
813139.6893358594971,-23953.1551250780649,-1641.2582084949536,41354.2307481999451
813933.1482374984771,-24125.7115614231625,-3128.7803495855478,40626.2030250212119
815032.5683868677588,-24270.0808842215520,-5176.8298141447303,39458.4769525077136
816426.6682454817928,-24286.1963338394598,-7736.8149233938602,37707.3062437768967
818101.1424622726627,-24040.1165286529758,-10724.7634961207805,35193.4450216326804
820038.8086658503162,-23357.4819470936382,-14000.9760020797548,31704.6845693957002
822219.7837788847974,-22011.5099661325985,-17335.5317573429493,26998.5362345311732
824621.6880453855265,-19701.1517982887053,-20342.4759524216352,20809.2343747053237
827219.8746772824088,-16013.2191078806245,-22337.1195865043846,12879.7536229971738
829987.6827638238901,-10376.8358575472557,-21988.0959091180412,3122.9003905165882
832896.7108485993231,-2230.9596851387942,-16488.8752777197806,-7505.5054847415595
835917.1083669150248,6724.5116408957219,-1999.2745173194853,-13319.8923081545217
839017.8819529819302,9799.8049813943035,14779.7028894058021,-7110.6326902745350
842167.2134737902088,7358.2962380634672,24584.4415744064900,4037.3279214711802
845332.7865262097912,3021.7300778800673,28758.7002957730147,14632.8677790375368
848482.1180470180698,-1709.8076717605763,29475.4292025162431,23525.3713478879945
851582.8916330849752,-6267.2366492798501,28021.6310376754554,30599.9878585362749
854603.2891514006769,-10402.1170790282958,25185.9469734026643,35964.2421838665323
857512.3172361761099,-13998.6671050799960,21500.1502936525794,39782.4269733155088
860280.1253227175912,-17008.9374070255035,17351.4033777682635,42238.6396587608324
862878.3119546144735,-19427.1225970772975,13035.7139269231411,43528.3723367919156
865280.2162211152026,-21277.9298557875627,8784.4823746724578,43856.3329516323574
867461.1913341496838,-22610.2641388526135,4778.0753938263806,43434.6788424402766
869398.8575377273373,-23492.6248830281147,1153.0789709842356,42479.8925507068925
871073.3317545182072,-24008.4340214709700,-1993.1209807482956,41207.6778039587953
872467.4316131322412,-24250.3016246641237,-4598.1052266446350,39825.7293495247432
873566.8517625015229,-24312.7647116095650,-6628.9791529302893,38524.6343296878331
874360.3106641405029,-24283.6087963591453,-8074.9616386493144,37467.6282338137098
874839.6663559967419,-24234.5556887040620,-8938.3142969825712,36780.3803359070153
875000.0000000000000,-24212.7240707335186,-9225.1288635172823,36542.2487326169212
875000.0000000000000,-24212.7240707335186,-9225.1288635172823,36542.2487326169212
875160.3336440032581,-24188.1324198820112,-9510.8917921351676,36299.9516805128951
875639.6893358594971,-24097.8960142206815,-10358.5392926743662,35550.5591201361094
876433.1482374984771,-23891.9222701102444,-11736.8079098238086,34226.9369229867880
877532.5683868677588,-23484.1293110147999,-13585.3319755791163,32218.3349218115036
878926.6682454817928,-22747.6514132459597,-15800.2657725548779,29371.8767019219522
880601.1424622726627,-21505.9827580367164,-18208.5295309106295,25494.7525211430911
882538.8086658503162,-19517.0780855127559,-20519.6577552965318,20359.4884549014096
884719.7837788847974,-16445.8703000702844,-22227.0933013230970,13723.8125545240764
887121.6880453855265,-11825.5851006963239,-22383.0513442296942,5418.5429678268556
889719.8746772824088,-5087.7008218028532,-19059.8159382854064,-4224.7411935396667
892487.6827638238901,3534.4975137478723,-8723.4598282490333,-12335.3008562952455
895396.7108485993231,9389.8958452391489,8020.0756293024460,-11082.8631409138616
898417.1083669150248,8925.7375889915093,20768.1363790716568,-1396.6524360656913
901517.8819529819302,5289.8058968457444,27227.5251774910430,9544.5679331838910
904667.2134737902088,668.2225590693815,29458.3370507952350,19294.6271240904753
907832.7865262097912,-4073.3477502194182,28957.3403621331381,27358.3383282318537
910982.1180470180698,-8552.0734562304751,26641.9769746657985,33694.3472785100166
914082.8916330849752,-12573.7506723095612,23121.3835299980419,38381.6029708355491
917103.2891514006769,-16033.7139898993955,18837.5066240091401,41541.6701358377759
920012.3172361761099,-18879.3778551042960,14132.9599844437616,43319.4498093768780
922780.1253227175912,-21094.6670499415086,9284.3308998305874,43878.7128685965072
925378.3119546144735,-22693.1442936117710,4518.4866219532269,43401.2443050081711
927780.2162211152026,-23714.7742317392440,19.9208820421773,42086.2096894486676
929961.1913341496838,-24223.9913091588714,-4066.8190908956749,40148.4147044858764
931898.8575377273373,-24307.6675740148821,-7637.1764901320857,37814.6692957515697
933573.3317545182072,-24071.8547500866880,-10627.1059627238137,35317.6455510957967
934967.4316131322412,-23636.2870328562749,-13012.0100864622218,32886.8645011252593
936066.8517625015229,-23125.8997980203894,-14801.9580937068386,30736.9735221388619
936860.3106641405029,-22659.2969328673971,-16031.6100790168566,29054.2911642613690
937339.6663559967419,-22335.2408733641678,-16745.0101084432972,27983.4113209751304
937500.0000000000000,-22219.5153385985359,-16978.1945391985064,27615.9875182200558
937500.0000000000000,-22219.5153385985359,-16978.1945391985064,27615.9875182200558
937660.3336440032581,-22100.0391869453197,-17208.5129229941813,27243.9022917417678
938139.6893358594971,-21720.0124482616266,-17879.1056158382853,26103.4855701891574
938933.1482374984771,-21012.9634693564331,-18924.0654742334445,24122.6302288384977
940032.5683868677588,-19862.0055199806993,-20215.6139035419037,21182.8022686807308
941426.6682454817928,-18088.8072398324912,-21529.1373040898179,17123.7807714013252
943101.1424622726627,-15434.5118780640369,-22470.9428856231680,11760.0325745386872
945038.8086658503162,-11533.4599981216197,-22320.9476631924917,4943.4600079996380
947219.7837788847974,-5923.5831192342048,-19677.9803962193837,-3171.5654234396425
949621.6880453855265,1516.0419174077506,-11914.8877381615748,-10973.1153579237071
952219.8746772824088,8215.7681595625872,2514.5703668511997,-12827.3993832482156
954987.6827638238901,9688.1724724330525,16533.1294588736782,-5693.5626812366900
957896.7108485993231,7139.3666188836614,24957.6199777602742,4685.1730502234641
960917.1083669150248,2970.1330966361384,28793.5592166419665,14748.6406585188452
964017.8819529819302,-1687.5276844232758,29492.9061685913766,23497.9948252351824
967167.2134737902088,-6313.7097843914707,28016.9772770741547,30679.2003972107414
970332.7865262097912,-10632.3604660212477,25009.9420789258147,36250.3540795171502
973482.1180470180698,-14478.8272343456229,20941.0784648323024,40245.5989146983120
976582.8916330849752,-17749.4067391894241,16179.2246327960456,42737.3797625848892
979603.2891514006769,-20380.4671586650838,11030.6143359506095,43825.7082823101300
982512.3172361761099,-22339.5115003689607,5758.0331515522266,43635.6262252210508
985280.1253227175912,-23621.6498961999496,589.8410034367407,42317.2196036401074
987878.3119546144735,-24248.7856122673438,-4277.1147721631860,40046.1998239206951
990280.2162211152026,-24270.2172099008640,-8678.7813021390175,37024.0807883637826
992461.1913341496838,-23763.7901799628926,-12488.3756044915353,33477.1105881641488
994398.8575377273373,-22836.6614677045909,-15623.1829881424492,29652.9014410423915
996073.3317545182072,-21624.3456048356784,-18052.1712815257197,25813.4438456083517
997467.4316131322412,-20286.2008938562540,-19801.4459942512622,22223.3060704703312
998566.8517625015229,-18995.3626369579179,-20952.6520446826180,19132.8858602485489
999360.3106641405029,-17922.0873916220335,-21628.5943187413213,16758.8584155878852
999839.6663559967419,-17211.9705719646481,-21963.2687698403315,15266.3673341610338
1000000.0000000000000,-16963.6232881391370,-22061.5576190491847,14757.4419439286794
